Date,AAPL,^GSPC
2021-03-16,122.30461120605469,3962.7099609375
2021-03-17,121.51569366455078,3974.1201171875
2021-03-18,117.39568328857422,3915.4599609375
2021-03-19,116.86972045898438,3913.10009765625
2021-03-22,120.18131256103516,3940.590087890625
2021-03-23,119.35340881347656,3910.52001953125
2021-03-24,116.96713256835938,3889.139892578125
2021-03-25,117.45410919189453,3909.52001953125
2021-03-26,118.05799865722656,3974.5400390625
2021-03-29,118.23332977294922,3971.090087890625
2021-03-30,116.78205871582031,3958.550048828125
2021-03-31,118.97355651855469,3972.889892578125
2021-04-01,119.80144500732422,4019.8701171875
2021-04-05,122.62604522705078,4077.909912109375
2021-04-06,122.92798614501953,4073.93994140625
2021-04-07,124.57403564453125,4079.949951171875
2021-04-08,126.97008514404297,4097.169921875
2021-04-09,129.54139709472656,4128.7998046875
2021-04-12,127.82718658447266,4127.990234375
2021-04-13,130.9342498779297,4141.58984375
2021-04-14,128.5966339111328,4124.66015625
2021-04-15,131.00242614746094,4170.419921875
2021-04-16,130.6712646484375,4185.47021484375
2021-04-19,131.33355712890625,4163.259765625
2021-04-20,129.6485595703125,4134.93994140625
2021-04-21,130.0284423828125,4173.419921875
2021-04-22,128.50901794433594,4134.97998046875
2021-04-23,130.82705688476562,4180.169921875
2021-04-26,131.2166748046875,4187.6201171875
2021-04-27,130.895263671875,4186.72021484375
2021-04-28,130.10635375976562,4183.18017578125
2021-04-29,130.0089111328125,4211.47021484375
2021-04-30,128.04148864746094,4181.169921875
2021-05-03,129.09335327148438,4192.66015625
2021-05-04,124.52532958984375,4164.66015625
2021-05-05,124.76884460449219,4167.58984375
2021-05-06,126.3661880493164,4201.6201171875
2021-05-07,127.03939056396484,4232.60009765625
2021-05-10,123.7612075805664,4188.43017578125
2021-05-11,122.8440933227539,4152.10009765625
2021-05-12,119.78057098388672,4063.0400390625
2021-05-13,121.92698669433594,4112.5
2021-05-14,124.34658813476562,4173.85009765625
2021-05-17,123.19532775878906,4163.2900390625
2021-05-18,121.8099136352539,4127.830078125
2021-05-19,121.6537857055664,4115.68017578125
2021-05-20,124.20999908447266,4159.1201171875
2021-05-21,122.37577056884766,4155.85986328125
2021-05-24,124.00511169433594,4197.0498046875
2021-05-25,123.80998229980469,4188.1298828125
2021-05-26,123.7612075805664,4195.990234375
2021-05-27,122.22943878173828,4200.8798828125
2021-05-28,121.57575225830078,4204.10986328125
2021-06-01,121.25379180908203,4202.0400390625
2021-06-02,122.01477813720703,4208.1201171875
2021-06-03,120.53179931640625,4192.85009765625
2021-06-04,122.82456970214844,4229.89013671875
2021-06-07,122.83431243896484,4226.52001953125
2021-06-08,123.65388488769531,4227.259765625
2021-06-09,124.03436279296875,4219.5498046875
2021-06-10,123.0392074584961,4239.18017578125
2021-06-11,124.24903106689453,4247.43994140625
2021-06-14,127.3027572631836,4255.14990234375
2021-06-15,126.48323822021484,4246.58984375
2021-06-16,126.98086547851562,4223.7001953125
2021-06-17,128.5808868408203,4221.85986328125
2021-06-18,127.28328704833984,4166.4501953125
2021-06-21,129.07847595214844,4224.7900390625
2021-06-22,130.71755981445312,4246.43994140625
2021-06-23,130.44444274902344,4241.83984375
2021-06-24,130.1614532470703,4266.490234375
2021-06-25,129.86878967285156,4280.7001953125
2021-06-28,131.4981231689453,4290.60986328125
2021-06-29,133.01036071777344,4291.7998046875
2021-06-30,133.6250457763672,4297.5
2021-07-01,133.9274444580078,4319.93994140625
2021-07-02,136.552001953125,4352.33984375
2021-07-06,138.56182861328125,4343.5400390625
2021-07-07,141.04971313476562,4358.1298828125
2021-07-08,139.75210571289062,4320.81982421875
2021-07-09,141.57656860351562,4369.5498046875
2021-07-12,140.98143005371094,4384.6298828125
2021-07-13,142.0936737060547,4369.2099609375
2021-07-14,145.51815795898438,4374.2998046875
2021-07-15,144.86448669433594,4360.02978515625
2021-07-16,142.8253936767578,4327.16015625
2021-07-19,138.98133850097656,4258.490234375
2021-07-20,142.5912322998047,4323.06005859375
2021-07-21,141.8594970703125,4358.68994140625
2021-07-22,143.2254180908203,4367.47998046875
2021-07-23,144.94256591796875,4411.7900390625
2021-07-26,145.36207580566406,4422.2998046875
2021-07-27,143.19613647460938,4401.4599609375
2021-07-28,141.44972229003906,4400.64013671875
2021-07-29,142.0936737060547,4419.14990234375
2021-07-30,142.30831909179688,4395.259765625
2021-08-02,141.9766082763672,4387.16015625
2021-08-03,143.7717742919922,4423.14990234375
2021-08-04,143.3717498779297,4402.66015625
2021-08-05,143.47911071777344,4429.10009765625
2021-08-06,142.79507446289062,4436.52001953125
2021-08-09,142.74624633789062,4432.35009765625
2021-08-10,142.26747131347656,4436.75
2021-08-11,142.5215301513672,4442.41015625
2021-08-12,145.48214721679688,4460.830078125
2021-08-13,145.68736267089844,4468.0
2021-08-16,147.6611328125,4479.7099609375
2021-08-17,146.75244140625,4448.080078125
2021-08-18,143.01007080078125,4400.27001953125
2021-08-19,143.34228515625,4405.7998046875
2021-08-20,144.7981719970703,4441.669921875
2021-08-23,146.28341674804688,4479.52978515625
2021-08-24,146.19546508789062,4486.22998046875
2021-08-25,144.96426391601562,4496.18994140625
2021-08-26,144.1630401611328,4470.0
2021-08-27,145.19882202148438,4509.3701171875
2021-08-30,149.61534118652344,4528.7900390625
2021-08-31,148.35487365722656,4522.68017578125
2021-09-01,149.0193328857422,4524.08984375
2021-09-02,150.13320922851562,4536.9501953125
2021-09-03,150.76834106445312,4535.43017578125
2021-09-07,153.10365295410156,4520.02978515625
2021-09-08,151.55979919433594,4514.06982421875
2021-09-09,150.54360961914062,4493.27978515625
2021-09-10,145.56033325195312,4458.580078125
2021-09-13,146.12705993652344,4468.72998046875
2021-09-14,144.7297821044922,4443.0498046875
2021-09-15,145.61895751953125,4480.7001953125
2021-09-16,145.3844451904297,4473.75
2021-09-17,142.71693420410156,4432.990234375
2021-09-20,139.6683349609375,4357.72998046875
2021-09-21,140.1470947265625,4354.18994140625
2021-09-22,142.5117645263672,4395.64013671875
2021-09-23,143.46932983398438,4448.97998046875
2021-09-24,143.5572509765625,4455.47998046875
2021-09-27,142.04273986816406,4443.10986328125
2021-09-28,138.6619110107422,4352.6298828125
2021-09-29,139.5608673095703,4359.4599609375
2021-09-30,138.2613067626953,4307.5400390625
2021-10-01,139.385009765625,4357.0400390625
2021-10-04,135.95530700683594,4300.4599609375
2021-10-05,137.88026428222656,4345.72021484375
2021-10-06,138.7498779296875,4363.5498046875
2021-10-07,140.01034545898438,4399.759765625
2021-10-08,139.62925720214844,4391.33984375
2021-10-11,139.54132080078125,4361.18994140625
2021-10-12,138.2710723876953,4350.64990234375
2021-10-13,137.68484497070312,4363.7998046875
2021-10-14,140.46957397460938,4438.259765625
2021-10-15,141.52487182617188,4471.3701171875
2021-10-18,143.19570922851562,4486.4599609375
2021-10-19,145.35513305664062,4519.6298828125
2021-10-20,145.84371948242188,4536.18994140625
2021-10-21,146.0586700439453,4549.77978515625
2021-10-22,145.28675842285156,4544.89990234375
2021-10-25,145.23789978027344,4566.47998046875
2021-10-26,145.90234375,4574.7900390625
2021-10-27,145.44313049316406,4551.68017578125
2021-10-28,149.0779266357422,4596.419921875
2021-10-29,146.371337890625,4605.3798828125
2021-11-01,145.55056762695312,4613.669921875
2021-11-02,146.5863037109375,4630.64990234375
2021-11-03,148.0226593017578,4660.56982421875
2021-11-04,147.5048065185547,4680.06005859375
2021-11-05,148.03323364257812,4697.52978515625
2021-11-08,147.21121215820312,4701.7001953125
2021-11-09,147.57327270507812,4685.25
2021-11-10,144.74534606933594,4646.7099609375
2021-11-11,144.69638061523438,4649.27001953125
2021-11-12,146.77085876464844,4682.85009765625
2021-11-15,146.78067016601562,4682.7998046875
2021-11-16,147.7592315673828,4700.89990234375
2021-11-17,150.19577026367188,4688.669921875
2021-11-18,154.4817352294922,4704.5400390625
2021-11-19,157.104248046875,4697.9599609375
2021-11-22,157.56417846679688,4682.93994140625
2021-11-23,157.94577026367188,4690.7001953125
2021-11-24,158.46441650390625,4701.4599609375
2021-11-26,153.4445037841797,4594.6201171875
2021-11-29,156.8009033203125,4655.27001953125
2021-11-30,161.75230407714844,4567.0
2021-12-01,161.23367309570312,4513.0400390625
2021-12-02,160.24534606933594,4577.10009765625
2021-12-03,158.36656188964844,4538.43017578125
2021-12-06,161.77188110351562,4591.669921875
2021-12-07,167.50611877441406,4686.75
2021-12-08,171.32240295410156,4701.2099609375
2021-12-09,170.81356811523438,4667.4501953125
2021-12-10,175.59860229492188,4712.02001953125
2021-12-13,171.96823120117188,4668.97021484375
2021-12-14,170.58853149414062,4634.08984375
2021-12-15,175.4518585205078,4709.85009765625
2021-12-16,168.56292724609375,4668.669921875
2021-12-17,167.46688842773438,4620.64013671875
2021-12-20,166.10679626464844,4568.02001953125
2021-12-21,169.27723693847656,4649.22998046875
2021-12-22,171.87037658691406,4696.56005859375
2021-12-23,172.4966583251953,4725.7900390625
2021-12-27,176.45973205566406,4791.18994140625
2021-12-28,175.4420623779297,4786.35009765625
2021-12-29,175.53012084960938,4793.06005859375
2021-12-30,174.3754425048828,4778.72998046875
2021-12-31,173.75897216796875,4766.18017578125
2022-01-03,178.10366821289062,4796.56005859375
2022-01-04,175.84326171875,4793.5400390625
2022-01-05,171.16583251953125,4700.580078125
2022-01-06,168.30850219726562,4696.0498046875
2022-01-07,168.47483825683594,4677.02978515625
2022-01-10,168.49441528320312,4670.2900390625
2022-01-11,171.32240295410156,4713.06982421875
2022-01-12,171.76275634765625,4726.35009765625
2022-01-13,168.49441528320312,4659.02978515625
2022-01-14,169.3555145263672,4662.85009765625
2022-01-18,166.15573120117188,4577.10986328125
2022-01-19,162.662353515625,4532.759765625
2022-01-20,160.97926330566406,4482.72998046875
2022-01-21,158.92431640625,4397.93994140625
2022-01-24,158.15126037597656,4410.1298828125
2022-01-25,156.3507843017578,4356.4501953125
2022-01-26,156.26271057128906,4349.93017578125
2022-01-27,155.80276489257812,4326.509765625
2022-01-28,166.67434692382812,4431.85009765625
2022-01-31,171.02882385253906,4515.5498046875
2022-02-01,170.8625030517578,4546.5400390625
2022-02-02,172.06610107421875,4589.3798828125
2022-02-03,169.18917846679688,4477.43994140625
2022-02-04,168.90505981445312,4500.52978515625
2022-02-07,168.1898193359375,4483.8701171875
2022-02-08,171.29568481445312,4521.5400390625
2022-02-09,172.71641540527344,4587.18017578125
2022-02-10,168.64051818847656,4504.080078125
2022-02-11,165.23086547851562,4418.64013671875
2022-02-14,165.46604919433594,4401.669921875
2022-02-15,169.29696655273438,4471.06982421875
2022-02-16,169.0618133544922,4475.009765625
2022-02-17,165.46604919433594,4380.259765625
2022-02-18,163.91798400878906,4348.8701171875
2022-02-22,160.99818420410156,4304.759765625
2022-02-23,156.83409118652344,4225.5
2022-02-24,159.4501495361328,4288.7001953125
2022-02-25,161.51751708984375,4384.64990234375
2022-02-28,161.78201293945312,4373.93994140625
2022-03-01,159.9008331298828,4306.259765625
2022-03-02,163.19288635253906,4386.5400390625
2022-03-03,162.86956787109375,4363.490234375
2022-03-04,159.87144470214844,4328.8701171875
2022-03-07,156.07968139648438,4201.08984375
2022-03-08,154.25726318359375,4170.7001953125
2022-03-09,159.65585327148438,4277.8798828125
2022-03-10,155.31544494628906,4259.52001953125
2022-03-11,151.60205078125,4204.31005859375
2022-03-14,147.57510375976562,4173.10986328125
2022-03-15,151.95477294921875,4262.4501953125
2022-03-16,156.36380004882812,4357.85986328125
2022-03-17,157.3730010986328,4411.669921875
2022-03-18,160.66502380371094,4463.1201171875
2022-03-21,162.03677368164062,4461.18017578125
2022-03-22,165.40724182128906,4511.60986328125
2022-03-23,166.76913452148438,4456.240234375
2022-03-24,170.55108642578125,4520.16015625
2022-03-25,171.18792724609375,4543.06005859375
2022-03-28,172.05015563964844,4575.52001953125
2022-03-29,175.34226989746094,4631.60009765625
2022-03-30,174.17628479003906,4602.4501953125
2022-03-31,171.0801544189453,4530.41015625
2022-04-01,170.78623962402344,4545.85986328125
2022-04-04,174.832763671875,4582.64013671875
2022-04-05,171.5210723876953,4525.1201171875
2022-04-06,168.35635375976562,4481.14990234375
2022-04-07,168.66012573242188,4500.2099609375
2022-04-08,166.65155029296875,4488.27978515625
2022-04-11,162.39927673339844,4412.52978515625
2022-04-12,164.2706756591797,4397.4501953125
2022-04-13,166.9552459716797,4446.58984375
2022-04-14,161.94857788085938,4392.58984375
2022-04-18,161.73301696777344,4391.68994140625
2022-04-19,164.01593017578125,4462.2099609375
2022-04-20,163.84938049316406,4459.4501953125
2022-04-21,163.0557403564453,4393.66015625
2022-04-22,158.51931762695312,4271.77978515625
2022-04-25,159.5872802734375,4296.1201171875
2022-04-26,153.63018798828125,4175.2001953125
2022-04-27,153.40487670898438,4183.9599609375
2022-04-28,160.33197021484375,4287.5
2022-04-29,154.46304321289062,4131.93017578125
2022-05-02,154.7667694091797,4155.3798828125
2022-05-03,156.2560272216797,4175.47998046875
2022-05-04,162.66383361816406,4300.169921875
2022-05-05,153.60081481933594,4146.8701171875
2022-05-06,154.32691955566406,4123.33984375
2022-05-09,149.2049102783203,3991.239990234375
2022-05-10,151.6089324951172,4001.050048828125
2022-05-11,143.74932861328125,3935.179931640625
2022-05-12,139.88330078125,3930.080078125
2022-05-13,144.3478546142578,4023.889892578125
2022-05-16,142.8073272705078,4008.010009765625
2022-05-17,146.43789672851562,4088.85009765625
2022-05-18,138.1759796142578,3923.679931640625
2022-05-19,134.77113342285156,3900.7900390625
2022-05-20,135.00660705566406,3901.360107421875
2022-05-23,140.42298889160156,3973.75
2022-05-24,137.72463989257812,3941.47998046875
2022-05-25,137.8816375732422,3978.72998046875
2022-05-26,141.08041381835938,4057.840087890625
2022-05-27,146.8303680419922,4158.240234375
2022-05-31,146.04537963867188,4132.14990234375
2022-06-01,145.91783142089844,4101.22998046875
2022-06-02,148.37091064453125,4176.81982421875
2022-06-03,142.65036010742188,4108.5400390625
2022-06-06,143.39610290527344,4121.43017578125
2022-06-07,145.91783142089844,4160.68017578125
2022-06-08,145.18190002441406,4115.77001953125
2022-06-09,139.96180725097656,4017.820068359375
2022-06-10,134.55528259277344,3900.860107421875
2022-06-13,129.40382385253906,3749.6298828125
2022-06-14,130.26731872558594,3735.47998046875
2022-06-15,132.8871612548828,3789.989990234375
2022-06-16,127.6180191040039,3666.77001953125
2022-06-17,129.08985900878906,3674.840087890625
2022-06-21,133.31893920898438,3764.7900390625
2022-06-22,132.8086700439453,3759.889892578125
2022-06-23,135.67385864257812,3795.72998046875
2022-06-24,139.00022888183594,3911.739990234375
2022-06-27,139.00022888183594,3900.110107421875
2022-06-28,134.8594512939453,3821.550048828125
2022-06-29,136.61582946777344,3818.830078125
2022-06-30,134.15296936035156,3785.3798828125
2022-07-01,136.3214569091797,3825.330078125
2022-07-05,138.902099609375,3831.389892578125
2022-07-06,140.23654174804688,3845.080078125
2022-07-07,143.60215759277344,3902.6201171875
2022-07-08,144.27920532226562,3899.3798828125
2022-07-11,142.14996337890625,3854.429931640625
2022-07-12,143.121337890625,3818.800048828125
2022-07-13,142.75830078125,3801.780029296875
2022-07-14,145.68235778808594,3790.3798828125
2022-07-15,147.3504180908203,3863.159912109375
2022-07-18,144.30865478515625,3830.85009765625
2022-07-19,148.16485595703125,3936.68994140625
2022-07-20,150.16653442382812,3959.89990234375
2022-07-21,152.43316650390625,3998.949951171875
2022-07-22,151.19683837890625,3961.6298828125
2022-07-25,150.07821655273438,3966.840087890625
2022-07-26,148.75355529785156,3921.050048828125
2022-07-27,153.8461456298828,4023.610107421875
2022-07-28,154.39561462402344,4072.429931640625
2022-07-29,159.45870971679688,4130.2900390625
2022-08-01,158.4774932861328,4118.6298828125
2022-08-02,157.00564575195312,4091.18994140625
2022-08-03,163.01075744628906,4155.169921875
2022-08-04,162.69676208496094,4151.93994140625
2022-08-05,162.47076416015625,4145.18994140625
2022-08-08,161.99913024902344,4140.06005859375
2022-08-09,162.04823303222656,4122.47021484375
2022-08-10,166.29299926757812,4210.240234375
2022-08-11,165.5561065673828,4207.27001953125
2022-08-12,169.10324096679688,4280.14990234375
2022-08-15,170.1742706298828,4297.14013671875
2022-08-16,170.0170135498047,4305.2001953125
2022-08-17,171.5105743408203,4274.0400390625
2022-08-18,171.11752319335938,4283.740234375
2022-08-19,168.53334045410156,4228.47998046875
2022-08-22,164.65211486816406,4137.990234375
2022-08-23,164.31800842285156,4128.72998046875
2022-08-24,164.6128387451172,4140.77001953125
2022-08-25,167.06927490234375,4199.1201171875
2022-08-26,160.77090454101562,4057.659912109375
2022-08-29,158.56991577148438,4030.610107421875
2022-08-30,156.1428985595703,3986.159912109375
2022-08-31,154.48233032226562,3955.0
2022-09-01,155.20945739746094,3966.85009765625
2022-09-02,153.0968475341797,3924.260009765625
2022-09-06,151.83917236328125,3908.18994140625
2022-09-07,153.24427795410156,3979.8701171875
2022-09-08,151.77040100097656,4006.179931640625
2022-09-09,154.6297607421875,4067.360107421875
2022-09-12,160.58421325683594,4110.41015625
2022-09-13,151.1611785888672,3932.68994140625
2022-09-14,152.60560607910156,3946.010009765625
2022-09-15,149.71678161621094,3901.35009765625
2022-09-16,148.0758819580078,3873.330078125
2022-09-19,151.7900390625,3899.889892578125
2022-09-20,154.16787719726562,3855.929931640625
2022-09-21,151.0432891845703,3789.929931640625
2022-09-22,150.08035278320312,3757.989990234375
2022-09-23,147.81056213378906,3693.22998046875
2022-09-26,148.1446533203125,3655.0400390625
2022-09-27,149.11740112304688,3647.2900390625
2022-09-28,147.23080444335938,3719.0400390625
2022-09-29,139.99899291992188,3640.469970703125
2022-09-30,135.79354858398438,3585.6201171875
2022-10-03,139.96949768066406,3678.429931640625
2022-10-04,143.55596923828125,3790.929931640625
2022-10-05,143.8507537841797,3783.280029296875
2022-10-06,142.89761352539062,3744.52001953125
2022-10-07,137.650634765625,3639.659912109375
2022-10-10,137.9748992919922,3612.389892578125
2022-10-11,136.55992126464844,3588.840087890625
2022-10-12,135.93109130859375,3577.030029296875
2022-10-13,140.50013732910156,3669.909912109375
2022-10-14,135.97039794921875,3583.070068359375
2022-10-17,139.93020629882812,3677.949951171875
2022-10-18,141.24688720703125,3719.97998046875
2022-10-19,141.35496520996094,3695.159912109375
2022-10-20,140.8931427001953,3665.780029296875
2022-10-21,144.7056121826172,3752.75
2022-10-24,146.84765625,3797.340087890625
2022-10-25,149.6873016357422,3859.110107421875
2022-10-26,146.7493896484375,3830.60009765625
2022-10-27,142.27859497070312,3807.300048828125
2022-10-28,153.02809143066406,3901.06005859375
2022-10-31,150.66989135742188,3871.97998046875
2022-11-01,148.02674865722656,3856.10009765625
2022-11-02,142.50457763671875,3759.68994140625
2022-11-03,136.46168518066406,3719.889892578125
2022-11-04,136.19598388671875,3770.550048828125
2022-11-07,136.7274169921875,3806.800048828125
2022-11-08,137.29827880859375,3828.110107421875
2022-11-09,132.7413787841797,3748.570068359375
2022-11-10,144.5519256591797,3956.3701171875
2022-11-11,147.3372802734375,3992.929931640625
2022-11-14,145.939697265625,3957.25
2022-11-15,147.6719207763672,3991.72998046875
2022-11-16,146.44163513183594,3958.7900390625
2022-11-17,148.34120178222656,3946.56005859375
2022-11-18,148.9021759033203,3965.340087890625
2022-11-21,145.6739501953125,3949.93994140625
2022-11-22,147.8096923828125,4003.580078125
2022-11-23,148.68568420410156,4027.260009765625
2022-11-25,145.7723846435547,4026.1201171875
2022-11-28,141.94378662109375,3963.93994140625
2022-11-29,138.94190979003906,3957.6298828125
2022-11-30,145.6936492919922,4080.110107421875
2022-12-01,145.96922302246094,4076.570068359375
2022-12-02,145.47711181640625,4071.699951171875
2022-12-05,144.31578063964844,3998.840087890625
2022-12-06,140.65444946289062,3941.260009765625
2022-12-07,138.71554565429688,3933.919921875
2022-12-08,140.39854431152344,3963.510009765625
2022-12-09,139.91629028320312,3934.3798828125
2022-12-12,142.2095184326172,3990.56005859375
2022-12-13,143.1740264892578,4019.64990234375
2022-12-14,140.94972229003906,3995.320068359375
2022-12-15,134.34564208984375,3895.75
2022-12-16,132.38699340820312,3852.360107421875
2022-12-19,130.28079223632812,3817.659912109375
2022-12-20,130.21189880371094,3821.6201171875
2022-12-21,133.31219482421875,3878.43994140625
2022-12-22,130.1430206298828,3822.389892578125
2022-12-23,129.7788543701172,3844.820068359375
2022-12-27,127.97773742675781,3829.25
2022-12-28,124.05072021484375,3783.219970703125
2022-12-29,127.56436920166016,3849.280029296875
2022-12-30,127.87931060791016,3839.5
2023-01-03,123.09602355957031,3824.139892578125
2023-01-04,124.36565399169922,3852.969970703125
2023-01-05,123.04680633544922,3808.10009765625
2023-01-06,127.57418823242188,3895.080078125
2023-01-09,128.09584045410156,3892.090087890625
2023-01-10,128.66668701171875,3919.25
2023-01-11,131.3831329345703,3969.610107421875
2023-01-12,131.3043975830078,3983.169921875
2023-01-13,132.63308715820312,3999.090087890625
2023-01-17,133.7944793701172,3990.969970703125
2023-01-18,133.07598876953125,3928.860107421875
2023-01-19,133.13502502441406,3898.85009765625
2023-01-20,135.6940155029297,3972.610107421875
2023-01-23,138.8828582763672,4019.81005859375
2023-01-24,140.28045654296875,4016.949951171875
2023-01-25,139.6210479736328,4016.219970703125
2023-01-26,141.68788146972656,4060.429931640625
2023-01-27,143.62677001953125,4070.56005859375
2023-01-30,140.74305725097656,4017.77001953125
2023-01-31,142.0126495361328,4076.60009765625
2023-02-01,143.1346893310547,4119.2099609375
2023-02-02,148.43963623046875,4179.759765625
2023-02-03,152.06155395507812,4136.47998046875
2023-02-06,149.3352508544922,4111.080078125
2023-02-07,152.2091827392578,4164.0
2023-02-08,149.52224731445312,4117.85986328125
2023-02-09,148.4888153076172,4081.5
2023-02-10,148.8535614013672,4090.4599609375
2023-02-13,151.6529998779297,4137.2900390625
2023-02-14,151.0122833251953,4136.1298828125
2023-02-15,153.11183166503906,4147.60009765625
2023-02-16,151.5150146484375,4090.409912109375
2023-02-17,150.3715362548828,4079.090087890625
2023-02-21,146.3596649169922,3997.340087890625
2023-02-22,146.7835235595703,3991.050048828125
2023-02-23,147.26654052734375,4012.320068359375
2023-02-24,144.6149444580078,3970.0400390625
2023-02-27,145.8076629638672,3982.239990234375
2023-02-28,145.3049774169922,3970.14990234375
2023-03-01,143.23495483398438,3951.389892578125
2023-03-02,143.82638549804688,3981.35009765625
2023-03-03,148.8732452392578,4045.639892578125
2023-03-06,151.6332550048828,4048.419921875
2023-03-07,149.4351348876953,3986.3701171875
2023-03-08,150.6869659423828,3992.010009765625
2023-03-09,148.43954467773438,3918.320068359375
2023-03-10,146.3793487548828,3861.590087890625
2023-03-13,148.32127380371094,3855.760009765625
2023-03-14,150.41099548339844,3919.2900390625
2023-03-15,150.8052520751953,3891.929931640625
2023-03-16,153.62440490722656,3960.280029296875
2023-03-17,152.7865753173828,3916.639892578125
2023-03-20,155.15228271484375,3951.570068359375
2023-03-21,157.00543212890625,4002.8701171875
2023-03-22,155.57614135742188,3936.969970703125
2023-03-23,156.66041564941406,3948.719970703125
2023-03-24,157.9615936279297,3970.989990234375
2023-03-27,156.0197296142578,3977.530029296875
2023-03-28,155.39871215820312,3971.27001953125
2023-03-29,158.47418212890625,4027.81005859375
2023-03-30,160.04147338867188,4050.830078125
2023-03-31,162.54519653320312,4109.31005859375
2023-04-03,163.79705810546875,4124.509765625
2023-04-04,163.2647705078125,4100.60009765625
2023-04-05,161.4214630126953,4090.3798828125
2023-04-06,162.3086395263672,4105.02001953125
2023-04-10,159.71615600585938,4109.10986328125
2023-04-11,158.50375366210938,4108.93994140625
2023-04-12,157.8137664794922,4091.949951171875
2023-04-13,163.19580078125,4146.22021484375
2023-04-14,162.8507843017578,4137.64013671875
2023-04-17,162.8704833984375,4151.31982421875
2023-04-18,164.09275817871094,4154.8701171875
2023-04-19,165.23622131347656,4154.52001953125
2023-04-20,164.27017211914062,4129.7900390625
2023-04-21,162.66346740722656,4133.52001953125
2023-04-24,162.96905517578125,4137.0400390625
2023-04-25,161.4313201904297,4071.6298828125
2023-04-26,161.4214630126953,4055.989990234375
2023-04-27,166.00506591796875,4135.35009765625
2023-04-28,167.2569122314453,4169.47998046875
2023-05-01,167.168212890625,4167.8701171875
2023-05-02,166.13323974609375,4119.580078125
2023-05-03,165.05877685546875,4090.75
2023-05-04,163.42245483398438,4061.219970703125
2023-05-05,171.0913848876953,4136.25
2023-05-08,171.02235412597656,4138.1201171875
2023-05-09,169.31712341308594,4119.169921875
2023-05-10,171.08151245117188,4137.64013671875
2023-05-11,171.26881408691406,4130.6201171875
2023-05-12,170.3409423828125,4124.080078125
2023-05-15,169.847412109375,4136.27978515625
2023-05-16,169.847412109375,4109.89990234375
2023-05-17,170.45938110351562,4158.77001953125
2023-05-18,172.78892517089844,4198.0498046875
2023-05-19,172.89749145507812,4191.97998046875
2023-05-22,171.9498748779297,4192.6298828125
2023-05-23,169.343994140625,4145.580078125
2023-05-24,169.62037658691406,4115.240234375
2023-05-25,170.75552368164062,4151.27978515625
2023-05-26,173.16400146484375,4205.4501953125
2023-05-30,175.00982666015625,4205.52001953125
2023-05-31,174.96047973632812,4179.830078125
2023-06-01,177.7637939453125,4221.02001953125
2023-06-02,178.61268615722656,4282.3701171875
2023-06-05,177.2604217529297,4273.7900390625
2023-06-06,176.8951873779297,4283.85009765625
2023-06-07,175.52313232421875,4267.52001953125
2023-06-08,178.2375946044922,4293.93017578125
2023-06-09,178.62255859375,4298.85986328125
2023-06-12,181.41603088378906,4338.93017578125
2023-06-13,180.94223022460938,4369.009765625
2023-06-14,181.57395935058594,4372.58984375
2023-06-15,183.6073455810547,4425.83984375
2023-06-16,182.53143310546875,4409.58984375
2023-06-20,182.62025451660156,4388.7099609375
2023-06-21,181.5838623046875,4365.68994140625
2023-06-22,184.58453369140625,4381.89013671875
2023-06-23,184.26869201660156,4348.330078125
2023-06-26,182.87689208984375,4328.81982421875
2023-06-27,185.63084411621094,4378.41015625
2023-06-28,186.80548095703125,4376.85986328125
2023-06-29,187.14111328125,4396.43994140625
2023-06-30,191.4645538330078,4450.3798828125
2023-07-03,189.97402954101562,4455.58984375
2023-07-05,188.85862731933594,4446.81982421875
2023-07-06,189.3324432373047,4411.58984375
2023-07-07,188.2169952392578,4398.9501953125
2023-07-10,186.1737518310547,4409.52978515625
2023-07-11,185.65061950683594,4439.259765625
2023-07-12,187.3187713623047,4472.16015625
2023-07-13,188.0788116455078,4510.0400390625
2023-07-14,188.22689819335938,4505.419921875
2023-07-17,191.48426818847656,4522.7900390625
2023-07-18,191.2276153564453,4554.97998046875
2023-07-19,192.57992553710938,4565.72021484375
2023-07-20,190.63539123535156,4534.8701171875
2023-07-21,189.46075439453125,4536.33984375
2023-07-24,190.26026916503906,4554.64013671875
2023-07-25,191.11904907226562,4567.4599609375
2023-07-26,191.98765563964844,4566.75
2023-07-27,190.7241973876953,4537.41015625
2023-07-28,193.30047607421875,4582.22998046875
2023-07-31,193.9125213623047,4588.9599609375
2023-08-01,193.08335876464844,4576.72998046875
2023-08-02,190.09246826171875,4513.39013671875
2023-08-03,188.70068359375,4501.89013671875
2023-08-04,179.6392822265625,4478.02978515625
2023-08-07,176.5398406982422,4518.43994140625
2023-08-08,177.47755432128906,4499.3798828125
2023-08-09,175.88836669921875,4467.7099609375
2023-08-10,175.6711883544922,4468.830078125
2023-08-11,175.73049926757812,4464.0498046875
2023-08-14,177.3811492919922,4489.72021484375
2023-08-15,175.39443969726562,4437.85986328125
2023-08-16,174.52464294433594,4404.330078125
2023-08-17,171.9844207763672,4370.35986328125
2023-08-18,172.46873474121094,4369.7099609375
2023-08-21,173.8031005859375,4399.77001953125
2023-08-22,175.17698669433594,4387.5498046875
2023-08-23,179.0219268798828,4436.009765625
2023-08-24,174.3368377685547,4376.31005859375
2023-08-25,176.54100036621094,4405.7099609375
2023-08-28,178.10272216796875,4433.31005859375
2023-08-29,181.98716735839844,4497.6298828125
2023-08-30,185.47628784179688,4514.8701171875
2023-08-31,185.6937255859375,4507.66015625
2023-09-01,187.26535034179688,4515.77001953125
2023-09-05,187.5025177001953,4496.830078125
2023-09-06,180.7912139892578,4465.47998046875
2023-09-07,175.503173828125,4451.14013671875
2023-09-08,176.115966796875,4457.490234375
2023-09-11,177.28231811523438,4487.4599609375
2023-09-12,174.25778198242188,4461.89990234375
2023-09-13,172.1919708251953,4467.43994140625
2023-09-14,173.70423889160156,4505.10009765625
2023-09-15,172.98269653320312,4450.31982421875
2023-09-18,175.90843200683594,4453.52978515625
2023-09-19,176.99569702148438,4443.9501953125
2023-09-20,173.4571533203125,4402.2001953125
2023-09-21,171.91519165039062,4330.0
2023-09-22,172.76524353027344,4320.06005859375
2023-09-25,174.04031372070312,4337.43994140625
2023-09-26,169.96804809570312,4273.52978515625
2023-09-27,168.4557647705078,4274.509765625
2023-09-28,168.71275329589844,4299.7001953125
2023-09-29,169.2267303466797,4288.0498046875
2023-10-02,171.73728942871094,4288.39013671875
2023-10-03,170.40296936035156,4229.4501953125
2023-10-04,171.64833068847656,4263.75
2023-10-05,172.88389587402344,4258.18994140625
2023-10-06,175.43397521972656,4308.5
2023-10-09,176.9166259765625,4335.66015625
2023-10-10,176.3235626220703,4358.240234375
2023-10-11,177.71722412109375,4376.9501953125
2023-10-12,178.61669921875,4349.60986328125
2023-10-13,176.7782440185547,4327.77978515625
2023-10-16,176.64971923828125,4373.6298828125
2023-10-17,175.09791564941406,4373.2001953125
2023-10-18,173.8031005859375,4314.60009765625
2023-10-19,173.42750549316406,4278.0
2023-10-20,170.8773956298828,4224.16015625
2023-10-23,170.9959716796875,4217.0400390625
2023-10-24,171.43089294433594,4247.68017578125
2023-10-25,169.11802673339844,4186.77001953125
2023-10-26,164.95677185058594,4137.22998046875
2023-10-27,166.27134704589844,4117.3701171875
2023-10-30,168.31736755371094,4166.81982421875
2023-10-31,168.7918243408203,4193.7998046875
2023-11-01,171.9547576904297,4237.85986328125
2023-11-02,175.51303100585938,4317.77978515625
2023-11-03,174.6037139892578,4358.33984375
2023-11-06,177.15383911132812,4365.97998046875
2023-11-07,179.71380615234375,4378.3798828125
2023-11-08,180.7714080810547,4382.77978515625
2023-11-09,180.29696655273438,4347.35009765625
2023-11-10,184.48350524902344,4415.240234375
2023-11-13,182.8999481201172,4411.5498046875
2023-11-14,185.5128173828125,4495.7001953125
2023-11-15,186.07693481445312,4502.8798828125
2023-11-16,187.75946044921875,4508.240234375
2023-11-17,187.73968505859375,4514.02001953125
2023-11-20,189.4815673828125,4547.3798828125
2023-11-21,188.67990112304688,4538.18994140625
2023-11-22,189.343017578125,4556.6201171875
2023-11-24,188.0167999267578,4559.33984375
2023-11-27,187.83863830566406,4550.43017578125
2023-11-28,188.44235229492188,4554.89013671875
2023-11-29,187.42295837402344,4550.580078125
2023-11-30,187.99696350097656,4567.7998046875
2023-12-01,189.2737579345703,4594.6298828125
2023-12-04,187.48231506347656,4569.77978515625
2023-12-05,191.43133544921875,4567.18017578125
2023-12-06,190.34263610839844,4549.33984375
2023-12-07,192.2725830078125,4585.58984375
2023-12-08,193.69776916503906,4604.3701171875
2023-12-11,191.19378662109375,4622.43994140625
2023-12-12,192.70806884765625,4643.7001953125
2023-12-13,195.92466735839844,4707.08984375
2023-12-14,196.07308959960938,4719.5498046875
2023-12-15,195.5386505126953,4719.18994140625
2023-12-18,193.8759307861328,4740.56005859375
2023-12-19,194.91513061523438,4768.3701171875
2023-12-20,192.8268280029297,4698.35009765625
2023-12-21,192.67835998535156,4746.75
2023-12-22,191.60948181152344,4754.6298828125
2023-12-26,191.06512451171875,4774.75
2023-12-27,191.1641082763672,4781.580078125
2023-12-28,191.58969116210938,4783.35009765625
2023-12-29,190.55047607421875,4769.830078125
2024-01-02,183.7313232421875,4742.830078125
2024-01-03,182.35560607910156,4704.81005859375
2024-01-04,180.03964233398438,4688.68017578125
2024-01-05,179.31715393066406,4697.240234375
2024-01-08,183.6521453857422,4763.5400390625
2024-01-09,183.23643493652344,4756.5
2024-01-10,184.27565002441406,4783.4501953125
2024-01-11,183.68182373046875,4780.240234375
2024-01-12,184.0084228515625,4783.830078125
2024-01-16,181.74197387695312,4765.97998046875
2024-01-17,180.80172729492188,4739.2099609375
2024-01-18,186.69058227539062,4780.93994140625
2024-01-19,189.59042358398438,4839.81005859375
2024-01-22,191.896484375,4850.43017578125
2024-01-23,193.17320251464844,4864.60009765625
2024-01-24,192.5001983642578,4868.5498046875
2024-01-25,192.17359924316406,4894.16015625
2024-01-26,190.4416046142578,4890.97021484375
2024-01-29,189.75868225097656,4927.93017578125
2024-01-30,186.1066131591797,4924.97021484375
2024-01-31,182.50404357910156,4845.64990234375
2024-02-01,184.93878173828125,4906.18994140625
2024-02-02,183.93914794921875,4958.60986328125
2024-02-05,185.7503204345703,4942.81005859375
2024-02-06,187.35369873046875,4954.22998046875
2024-02-07,187.4625701904297,4995.06005859375
2024-02-08,186.38377380371094,4997.91015625
2024-02-09,187.14683532714844,5026.60986328125
2024-02-12,185.46214294433594,5021.83984375
2024-02-13,183.3711700439453,4953.169921875
2024-02-14,182.4891815185547,5000.6201171875
2024-02-15,182.2018280029297,5029.72998046875
2024-02-16,180.66578674316406,5005.56982421875
2024-02-20,179.9225616455078,4975.509765625
2024-02-21,180.67568969726562,4981.7998046875
2024-02-22,182.70718383789062,5087.02978515625
2024-02-23,180.8739013671875,5088.7998046875
2024-02-26,179.52618408203125,5069.52978515625
2024-02-27,180.98291015625,5078.18017578125
2024-02-28,179.78379821777344,5069.759765625
2024-02-29,179.11985778808594,5096.27001953125
2024-03-01,178.03968811035156,5137.080078125
2024-03-04,173.5208282470703,5130.9501953125
2024-03-05,168.58572387695312,5078.64990234375
2024-03-06,167.59474182128906,5104.759765625
2024-03-07,167.475830078125,5157.35986328125
2024-03-08,169.19021606445312,5123.68994140625
2024-03-11,171.1920166015625,5117.93994140625
2024-03-12,171.6676788330078,5175.27001953125
2024-03-13,169.58665466308594,5165.31005859375
2024-03-14,171.4397430419922,5150.47998046875
2024-03-15,171.06317138671875,5117.08984375
2024-03-18,172.1532745361328,5149.419921875
2024-03-19,174.49197387695312,5178.509765625
2024-03-20,177.05860900878906,5224.6201171875
2024-03-21,169.82444763183594,5241.52978515625
2024-03-22,170.72625732421875,5234.18017578125
2024-03-25,169.30914306640625,5218.18994140625
2024-03-26,168.17945861816406,5203.580078125
2024-03-27,171.7469482421875,5248.490234375
2024-03-28,169.9334716796875,5254.35009765625
2024-04-01,168.4965362548828,5243.77001953125
2024-04-02,167.31727600097656,5205.81005859375
2024-04-03,168.11996459960938,5211.490234375
2024-04-04,167.2974395751953,5147.2099609375
2024-04-05,168.05059814453125,5204.33984375
2024-04-08,166.9307861328125,5202.39013671875
2024-04-09,168.13978576660156,5209.91015625
2024-04-10,166.26681518554688,5160.64013671875
2024-04-11,173.46133422851562,5199.06005859375
2024-04-12,174.957763671875,5123.41015625
2024-04-15,171.13255310058594,5061.81982421875
2024-04-16,167.85240173339844,5051.41015625
2024-04-17,166.48483276367188,5022.2099609375
2024-04-18,165.53347778320312,5011.1201171875
2024-04-19,163.51190185546875,4967.22998046875
2024-04-22,164.34432983398438,5010.60009765625
2024-04-23,165.39476013183594,5070.5498046875
2024-04-24,167.49566650390625,5071.6298828125
2024-04-25,168.35780334472656,5048.419921875
2024-04-26,167.77313232421875,5099.9599609375
2024-04-29,171.9352264404297,5116.169921875
2024-04-30,168.79383850097656,5035.68994140625
2024-05-01,167.77313232421875,5018.39013671875
2024-05-02,171.469482421875,5064.2001953125
2024-05-03,181.7261199951172,5127.7900390625
2024-05-06,180.07119750976562,5180.740234375
2024-05-07,180.7549591064453,5187.7001953125
2024-05-08,181.0919189453125,5187.669921875
2024-05-09,182.90541076660156,5214.080078125
2024-05-10,181.6451416015625,5222.68017578125
2024-05-13,184.85035705566406,5221.419921875
2024-05-14,185.99151611328125,5246.68017578125
2024-05-15,188.26397705078125,5308.14990234375
2024-05-16,188.38304138183594,5297.10009765625
2024-05-17,188.41281127929688,5303.27001953125
2024-05-20,189.57382202148438,5308.1298828125
2024-05-21,190.87379455566406,5321.41015625
2024-05-22,189.43490600585938,5307.009765625
2024-05-23,185.44578552246094,5267.83984375
2024-05-24,188.52195739746094,5304.72021484375
2024-05-28,188.53189086914062,5306.0400390625
2024-05-29,188.82958984375,5266.9501953125
2024-05-30,189.82191467285156,5235.47998046875
2024-05-31,190.77455139160156,5277.509765625
2024-06-03,192.54087829589844,5283.39990234375
2024-06-04,192.85842895507812,5291.33984375
2024-06-05,194.3667755126953,5354.02978515625
2024-06-06,192.98745727539062,5352.9599609375
2024-06-07,195.37893676757812,5346.990234375
2024-06-10,191.6378631591797,5360.7900390625
2024-06-11,205.56019592285156,5375.31982421875
2024-06-12,211.4347686767578,5421.02978515625
2024-06-13,212.59576416015625,5433.740234375
2024-06-14,210.85923767089844,5431.60009765625
2024-06-17,215.00711059570312,5473.22998046875
2024-06-18,212.6453857421875,5487.02978515625
2024-06-20,208.07077026367188,5473.169921875
2024-06-21,205.8975830078125,5464.6201171875
2024-06-24,206.54261779785156,5447.8701171875
2024-06-25,207.46548461914062,5469.2998046875
2024-06-26,211.61338806152344,5477.89990234375
2024-06-27,212.4568634033203,5482.8701171875
2024-06-28,209.00355529785156,5460.47998046875
2024-07-01,215.08653259277344,5475.08984375
2024-07-02,218.5795135498047,5509.009765625
2024-07-03,219.8496856689453,5537.02001953125
2024-07-05,224.6029052734375,5567.18994140625
2024-07-08,226.0715789794922,5572.85009765625
2024-07-09,226.92494201660156,5576.97998046875
2024-07-10,231.1919403076172,5633.91015625
2024-07-11,225.823486328125,5584.5400390625
2024-07-12,228.77069091796875,5615.35009765625
2024-07-15,232.60105895996094,5631.22021484375
2024-07-16,233.01785278320312,5667.2001953125
2024-07-17,227.12342834472656,5588.27001953125
2024-07-18,222.4595184326172,5544.58984375
2024-07-19,222.58848571777344,5505.0
2024-07-22,222.24118041992188,5564.41015625
2024-07-23,223.28311157226562,5555.740234375
2024-07-24,216.86277770996094,5427.1298828125
2024-07-25,215.82081604003906,5399.22021484375
2024-07-26,216.28724670410156,5459.10009765625
2024-07-29,216.5651092529297,5463.5400390625
2024-07-30,217.12078857421875,5436.43994140625
2024-07-31,220.3756103515625,5522.2998046875
2024-08-01,216.6841583251953,5446.68017578125
2024-08-02,218.1726531982422,5346.56005859375
2024-08-05,207.66392517089844,5186.330078125
2024-08-06,205.6395721435547,5240.02978515625
2024-08-07,208.20973205566406,5199.5
2024-08-08,211.67291259765625,5319.31005859375
2024-08-09,214.5804443359375,5344.16015625
2024-08-12,216.11041259765625,5344.39013671875
2024-08-13,219.82598876953125,5434.43017578125
2024-08-14,220.27304077148438,5455.2099609375
2024-08-15,223.2534637451172,5543.22021484375
2024-08-16,224.5747833251953,5554.25
2024-08-19,224.41583251953125,5608.25
2024-08-20,225.0317840576172,5597.1201171875
2024-08-21,224.92251586914062,5620.85009765625
2024-08-22,223.064697265625,5570.64013671875
2024-08-23,225.359619140625,5634.60986328125
2024-08-26,225.69740295410156,5616.83984375
2024-08-27,226.5418701171875,5625.7998046875
2024-08-28,225.01190185546875,5592.18017578125
2024-08-29,228.29037475585938,5591.9599609375
2024-08-30,227.5055389404297,5648.39990234375
2024-09-03,221.31619262695312,5528.93017578125
2024-09-04,219.40875244140625,5520.06982421875
2024-09-05,220.92874145507812,5503.41015625
2024-09-06,219.37892150878906,5408.419921875
2024-09-09,219.4683380126953,5471.0498046875
2024-09-10,218.67355346679688,5495.52001953125
2024-09-11,221.20692443847656,5554.1298828125
2024-09-12,221.31619262695312,5595.759765625
2024-09-13,221.04794311523438,5626.02001953125
2024-09-16,214.90829467773438,5633.08984375
2024-09-17,215.37522888183594,5634.580078125
2024-09-18,219.249755859375,5618.259765625
2024-09-19,227.3763885498047,5713.64013671875
2024-09-20,226.71075439453125,5702.5498046875
2024-09-23,224.99205017089844,5718.56982421875
2024-09-24,225.88616943359375,5732.93017578125
2024-09-25,224.89271545410156,5722.259765625
2024-09-26,226.0352020263672,5745.3701171875
2024-09-27,226.3034210205078,5738.169921875
2024-09-30,231.4794464111328,5762.47998046875
2024-10-01,224.7337646484375,5708.75
2024-10-02,225.300048828125,5709.5400390625
2024-10-03,224.197265625,5699.93994140625
2024-10-04,225.31988525390625,5751.06982421875
2024-10-07,220.24322509765625,5695.93994140625
2024-10-08,224.29661560058594,5751.1298828125
2024-10-09,228.04200744628906,5792.0400390625
2024-10-10,227.54527282714844,5780.0498046875
2024-10-11,226.06500244140625,5815.02978515625
2024-10-14,229.79055786132812,5859.85009765625
2024-10-15,232.3238983154297,5815.259765625
2024-10-16,230.26739501953125,5842.47021484375
2024-10-17,230.63499450683594,5841.47021484375
2024-10-18,233.46640014648438,5864.669921875
2024-10-21,234.93670654296875,5853.97998046875
2024-10-22,234.32077026367188,5851.2001953125
2024-10-23,229.25404357910156,5797.419921875
2024-10-24,229.0653076171875,5809.85986328125
2024-10-25,229.89981079101562,5808.1201171875
2024-10-28,231.87680053710938,5823.52001953125
2024-10-29,232.14505004882812,5832.919921875
2024-10-30,228.59835815429688,5813.669921875
2024-10-31,224.4357147216797,5705.4501953125
2024-11-01,221.45529174804688,5728.7998046875
2024-11-04,220.56114196777344,5712.68994140625
2024-11-05,221.9917449951172,5782.759765625
2024-11-06,221.26651000976562,5929.0400390625
2024-11-07,225.99545288085938,5973.10009765625
2024-11-08,225.72694396972656,5995.5400390625
2024-11-11,223.01174926757812,6001.35009765625
2024-11-12,223.01174926757812,5983.990234375
2024-11-13,223.89691162109375,5985.3798828125
2024-11-14,226.98007202148438,5949.169921875
2024-11-15,223.77757263183594,5870.6201171875
2024-11-18,226.7811737060547,5893.6201171875
2024-11-19,227.0397491455078,5916.97998046875
2024-11-20,227.75584411621094,5917.10986328125
2024-11-21,227.27845764160156,5948.7099609375
2024-11-22,228.62110900878906,5969.33984375
2024-11-25,231.6048126220703,5987.3701171875
2024-11-26,233.78292846679688,6021.6298828125
2024-11-27,233.65362548828125,5998.740234375
2024-11-29,236.0406036376953,6032.3798828125
2024-12-02,238.28829956054688,6047.14990234375
2024-12-03,241.3316650390625,6049.8798828125
2024-12-04,241.689697265625,6086.490234375
2024-12-05,241.71954345703125,6075.10986328125
2024-12-06,241.52064514160156,6090.27001953125
2024-12-09,245.40939331054688,6052.85009765625
2024-12-10,246.42384338378906,6034.91015625
2024-12-11,245.15081787109375,6084.18994140625
2024-12-12,246.61282348632812,6051.25
2024-12-13,246.7819061279297,6051.08984375
2024-12-16,249.6761016845703,6074.080078125
2024-12-17,252.1028289794922,6050.60986328125
2024-12-18,246.7023468017578,5872.16015625
2024-12-19,248.43289184570312,5867.080078125
2024-12-20,253.10736083984375,5930.85009765625
2024-12-23,253.8831024169922,5974.06982421875
2024-12-24,256.79718017578125,6040.0400390625
2024-12-26,257.61273193359375,6037.58984375
2024-12-27,254.2013702392578,5970.83984375
2024-12-30,250.82980346679688,5906.93994140625
2024-12-31,249.05946350097656,5881.6298828125
2025-01-02,242.52516174316406,5868.5498046875
2025-01-03,242.03781127929688,5942.47021484375
2025-01-06,243.6688995361328,5975.3798828125
2025-01-07,240.89405822753906,5909.02978515625
2025-01-08,241.3813934326172,5918.25
2025-01-10,235.5631866455078,5827.0400390625
2025-01-13,233.12649536132812,5836.22021484375
2025-01-14,232.01258850097656,5842.91015625
2025-01-15,236.57765197753906,5949.91015625
2025-01-16,227.0198516845703,5937.33984375
2025-01-17,228.7305145263672,5996.66015625
2025-01-21,221.43038940429688,6049.240234375
2025-01-22,222.61392211914062,6086.3701171875
2025-01-23,222.4448699951172,6118.7099609375
2025-01-24,221.56961059570312,6101.240234375
2025-01-27,228.61117553710938,6012.27978515625
2025-01-28,236.9655303955078,6067.7001953125
2025-01-29,238.05955505371094,6039.31005859375
2025-01-30,236.2991485595703,6071.169921875
2025-01-31,234.71778869628906,6040.52978515625
2025-02-03,226.7711944580078,5994.56982421875
2025-02-04,231.53518676757812,6037.8798828125
2025-02-05,231.20697021484375,6061.47998046875
2025-02-06,231.95291137695312,6083.56982421875
2025-02-07,226.393310546875,6025.990234375
2025-02-10,226.66209411621094,6066.43994140625
2025-02-11,231.61053466796875,6068.5
2025-02-12,235.84210205078125,6051.97021484375
2025-02-13,240.48187255859375,6115.06982421875
2025-02-14,243.53857421875,6114.6298828125
2025-02-18,243.40911865234375,6129.580078125
2025-02-19,243.80735778808594,6144.14990234375
2025-02-20,244.76321411132812,6117.52001953125
2025-02-21,244.48443603515625,6013.1298828125
2025-02-24,246.0277099609375,5983.25
2025-02-25,245.9679718017578,5955.25
2025-02-26,239.31695556640625,5956.06005859375
2025-02-27,236.27024841308594,5861.56982421875
2025-02-28,240.79052734375,5954.5
2025-03-03,236.9970703125,5849.72021484375
2025-03-04,234.9061737060547,5778.14990234375
2025-03-05,234.7169952392578,5842.6298828125
2025-03-06,234.30877685546875,5738.52001953125
2025-03-07,238.03256225585938,5770.2001953125
2025-03-10,226.4928436279297,5614.56005859375
2025-03-11,219.88165283203125,5572.06982421875
2025-03-12,216.03842163085938,5599.2998046875
2025-03-13,208.77008056640625,5521.52001953125
2025-03-14,212.5635528564453,5638.93994140625
2025-03-17,213.0713653564453,5675.1201171875
2025-03-18,211.7670440673828,5614.66015625
2025-03-19,214.30596923828125,5675.2900390625
2025-03-20,213.17091369628906,5662.89013671875
2025-03-21,217.3228302001953,5667.56005859375
2025-03-24,219.77215576171875,5767.56982421875
2025-03-25,222.77903747558594,5776.64990234375
2025-03-26,220.56866455078125,5712.2001953125
2025-03-27,222.8786163330078,5693.31005859375
2025-03-28,216.95440673828125,5580.93994140625
2025-03-31,221.16607666015625,5611.85009765625
2025-04-01,222.22145080566406,5633.06982421875
2025-04-02,222.91842651367188,5670.97021484375
2025-04-03,202.30824279785156,5396.52001953125
2025-04-04,187.56253051757812,5074.080078125
2025-04-07,180.6725616455078,5062.25
2025-04-08,171.67178344726562,4982.77001953125
2025-04-09,197.98709106445312,5456.89990234375
2025-04-10,189.59365844726562,5268.0498046875
2025-04-11,197.29013061523438,5363.35986328125
2025-04-14,201.64117431640625,5405.97021484375
2025-04-15,201.26280212402344,5396.6298828125
2025-04-16,193.42697143554688,5275.7001953125
2025-04-17,196.12521362304688,5282.7001953125
2025-04-21,192.32177734375,5158.2001953125
2025-04-22,198.8732452392578,5287.759765625
2025-04-23,203.71214294433594,5375.85986328125
2025-04-24,207.46575927734375,5484.77001953125
2025-04-25,208.371826171875,5525.2099609375
2025-04-28,209.2281036376953,5528.75
2025-04-29,210.29345703125,5560.830078125
2025-04-30,211.57786560058594,5569.06005859375
2025-05-01,212.39430236816406,5604.14013671875
2025-05-02,204.45889282226562,5686.669921875
2025-05-05,198.02691650390625,5650.3798828125
2025-05-06,197.6485595703125,5606.91015625
2025-05-07,195.3983612060547,5631.27978515625
2025-05-08,196.63299560546875,5663.93994140625
2025-05-09,197.66848754882812,5659.91015625
2025-05-12,210.15048217773438,5844.18994140625
2025-05-13,212.28399658203125,5886.5498046875
2025-05-14,211.68582153320312,5892.580078125
2025-05-15,210.80850219726562,5916.93017578125
2025-05-16,210.61907958984375,5958.3798828125
2025-05-19,208.14659118652344,5963.60009765625
2025-05-20,206.232421875,5940.4599609375
2025-05-21,201.47689819335938,5844.60986328125
2025-05-22,200.74911499023438,5842.009765625
2025-05-23,194.6775665283203,5802.81982421875
2025-05-27,199.60260009765625,5921.5400390625
2025-05-28,199.8119659423828,5888.5498046875
2025-05-29,199.34336853027344,5912.169921875
2025-05-30,200.24066162109375,5911.68994140625
2025-06-02,201.08807373046875,5935.93994140625
2025-06-03,202.6533203125,5970.3701171875
2025-06-04,202.20468139648438,5970.81005859375
2025-06-05,200.0213165283203,5939.2998046875
2025-06-06,203.30133056640625,6000.35986328125
2025-06-09,200.8388214111328,6005.8798828125
2025-06-10,202.0551300048828,6038.81005859375
2025-06-11,198.1769256591797,6022.240234375
2025-06-12,198.5956573486328,6045.259765625
2025-06-13,195.85400390625,5976.97021484375
2025-06-16,197.81802368164062,6033.10986328125
2025-06-17,195.0464630126953,5982.72021484375
2025-06-18,195.9835968017578,5980.8701171875
2025-06-20,200.3902130126953,5967.83984375
2025-06-23,200.888671875,6025.169921875
2025-06-24,199.6923065185547,6092.18017578125
2025-06-25,200.948486328125,6092.16015625
2025-06-26,200.3902130126953,6141.02001953125
2025-06-27,200.469970703125,6173.06982421875
2025-06-30,204.5475311279297,6204.9501953125
2025-07-01,207.18951416015625,6198.009765625
2025-07-02,211.7954864501953,6227.419921875
2025-07-03,212.90211486816406,6279.35009765625
2025-07-07,209.31304931640625,6229.97998046875
2025-07-08,209.3728485107422,6225.52001953125
2025-07-09,210.4994354248047,6263.259765625
2025-07-10,211.7655792236328,6280.4599609375
2025-07-11,210.51937866210938,6259.75
2025-07-14,207.987060546875,6268.56005859375
2025-07-15,208.4755859375,6243.759765625
2025-07-16,209.52239990234375,6263.7001953125
2025-07-17,209.38282775878906,6297.35986328125
2025-07-18,210.539306640625,6296.7900390625
2025-07-21,211.83535766601562,6305.60009765625
2025-07-22,213.74952697753906,6309.6201171875
2025-07-23,213.5002899169922,6358.91015625
2025-07-24,213.11148071289062,6363.35009765625
2025-07-25,213.23110961914062,6388.64013671875
2025-07-28,213.40061950683594,6389.77001953125
2025-07-29,210.62904357910156,6370.85986328125
2025-07-30,208.41578674316406,6362.89990234375
2025-07-31,206.9402618408203,6339.39013671875
2025-08-01,201.76600646972656,6238.009765625
2025-08-04,202.7330780029297,6329.93994140625
2025-08-05,202.3043670654297,6299.18994140625
2025-08-06,212.60302734375,6345.06005859375
2025-08-07,219.36245727539062,6340.0
2025-08-08,228.6541748046875,6389.4501953125
2025-08-11,226.747802734375,6373.4501953125
2025-08-12,229.21310424804688,6445.759765625
2025-08-13,232.88612365722656,6466.580078125
2025-08-14,232.337158203125,6468.5400390625
2025-08-15,231.1494140625,6449.7998046875
2025-08-18,230.4507598876953,6449.14990234375
2025-08-19,230.1213836669922,6411.3701171875
2025-08-20,225.5800323486328,6395.77978515625
2025-08-21,224.47215270996094,6370.169921875
2025-08-22,227.3267059326172,6466.91015625
2025-08-25,226.72784423828125,6439.31982421875
2025-08-26,228.87376403808594,6465.93994140625
2025-08-27,230.05152893066406,6481.39990234375
2025-08-28,232.11758422851562,6501.85986328125
2025-08-29,231.69837951660156,6460.259765625
2025-09-02,229.28298950195312,6415.5400390625
2025-09-03,238.01634216308594,6448.259765625
2025-09-04,239.32383728027344,6502.080078125
2025-09-05,239.2340087890625,6481.5
2025-09-08,237.42745971679688,6495.14990234375
2025-09-09,233.9041748046875,6512.60986328125
2025-09-10,226.35855102539062,6532.0400390625
2025-09-11,229.59239196777344,6587.47021484375
2025-09-12,233.6247100830078,6584.2900390625
2025-09-15,236.24969482421875,6615.27978515625
2025-09-16,237.6969451904297,6606.759765625
2025-09-17,238.5353546142578,6600.35009765625
2025-09-18,237.42745971679688,6631.9599609375
2025-09-19,245.032958984375,6664.35986328125
2025-09-22,255.5928192138672,6693.75
2025-09-23,253.9459686279297,6656.919921875
2025-09-24,251.8300018310547,6637.97021484375
2025-09-25,256.3813171386719,6604.72021484375
2025-09-26,254.97401428222656,6643.7001953125
2025-09-29,253.9459686279297,6661.2099609375
2025-09-30,254.14559936523438,6688.4599609375
2025-10-01,254.9640350341797,6711.2001953125
2025-10-02,256.6408386230469,6715.35009765625
2025-10-03,257.5291442871094,6715.7900390625
2025-10-06,256.20166015625,6740.27978515625
2025-10-07,255.99209594726562,6714.58984375
2025-10-08,257.569091796875,6753.72021484375
2025-10-09,253.55670166015625,6735.10986328125
2025-10-10,244.80340576171875,6552.509765625
2025-10-13,247.18885803222656,6654.72021484375
2025-10-14,247.29864501953125,6644.31005859375
2025-10-15,248.86566162109375,6671.06005859375
2025-10-16,246.97926330566406,6629.06982421875
2025-10-17,251.81002807617188,6664.009765625
2025-10-20,261.7411193847656,6735.1298828125
2025-10-21,262.27008056640625,6735.35009765625
2025-10-22,257.9583435058594,6699.39990234375
2025-10-23,259.0861511230469,6738.43994140625
2025-10-24,262.3200378417969,6791.68994140625
2025-10-27,268.2986145019531,6875.16015625
2025-10-28,268.4882507324219,6890.89013671875
2025-10-29,269.1869201660156,6890.58984375
2025-10-30,270.8836669921875,6822.33984375
2025-10-31,269.85565185546875,6840.2001953125
2025-11-03,268.53814697265625,6851.97021484375
2025-11-04,269.5262756347656,6771.5498046875
2025-11-05,269.6260986328125,6796.2900390625
2025-11-06,269.25677490234375,6720.31982421875
2025-11-07,267.9592590332031,6728.7998046875
2025-11-10,269.1781311035156,6832.43017578125
2025-11-11,274.99267578125,6846.60986328125
2025-11-12,273.21435546875,6850.919921875
2025-11-13,272.6948547363281,6737.490234375
2025-11-14,272.15533447265625,6734.10986328125
2025-11-17,267.2099609375,6672.41015625
2025-11-18,267.19000244140625,6617.31982421875
2025-11-19,268.3089294433594,6642.16015625
2025-11-20,266.0010986328125,6538.759765625
2025-11-21,271.2361755371094,6602.990234375
2025-11-24,275.6620788574219,6705.1201171875
2025-11-25,276.7110900878906,6765.8798828125
2025-11-26,277.29052734375,6812.60986328125
2025-11-28,278.5893249511719,6849.08984375
2025-12-01,282.8353576660156,6812.6298828125
2025-12-02,285.9224548339844,6829.3701171875
2025-12-03,283.8843688964844,6849.72021484375
2025-12-04,280.4375915527344,6857.1201171875
2025-12-05,278.5193786621094,6870.39990234375
2025-12-08,277.6302185058594,6846.509765625
2025-12-09,276.9208679199219,6840.509765625
2025-12-10,278.5193786621094,6886.68017578125
2025-12-11,277.77008056640625,6901.0
2025-12-12,278.0198669433594,6827.41015625
2025-12-15,273.8537292480469,6816.509765625
2025-12-16,274.353271484375,6800.259765625
2025-12-17,271.58587646484375,6721.43017578125
2025-12-18,271.935546875,6774.759765625
2025-12-19,273.4141845703125,6834.5
2025-12-22,270.7166748046875,6878.490234375
2025-12-23,272.1053771972656,6909.7900390625
2025-12-24,273.55401611328125,6932.0498046875
2025-12-26,273.1444091796875,6929.93994140625
2025-12-29,273.50408935546875,6905.740234375
2025-12-30,272.82470703125,6896.240234375
2025-12-31,271.6058349609375,6845.5
2026-01-02,270.75665283203125,6858.47021484375
2026-01-05,267.0101623535156,6902.0498046875
2026-01-06,262.1147155761719,6944.81982421875
2026-01-07,260.08660888671875,6920.93017578125
2026-01-08,258.7978515625,6921.4599609375
2026-01-09,259.1275329589844,6966.27978515625
2026-01-12,260.0067138671875,6977.27001953125
2026-01-13,260.8059387207031,6963.740234375
2026-01-14,259.71697998046875,6926.60009765625
2026-01-15,257.9685974121094,6944.47021484375
2026-01-16,255.29112243652344,6940.009765625
2026-01-20,246.46937561035156,6796.85986328125
2026-01-21,247.41848754882812,6875.6201171875
2026-01-22,248.1178436279297,6913.35009765625
2026-01-23,247.80812072753906,6915.60986328125
2026-01-26,255.17123413085938,6950.22998046875
2026-01-27,258.0285339355469,6978.60009765625
2026-01-28,256.2002868652344,6978.02978515625
2026-01-29,258.0385437011719,6969.009765625
2026-01-30,259.2374267578125,6939.02978515625
2026-02-02,269.7575988769531,6976.43994140625
2026-02-03,269.22808837890625,6917.81005859375
2026-02-04,276.23150634765625,6882.72021484375
2026-02-05,275.6520690917969,6798.39990234375
2026-02-06,277.8599853515625,6932.2998046875
2026-02-09,274.6199951171875,6964.81982421875
2026-02-10,273.67999267578125,6941.81005859375
2026-02-11,275.5,6941.47021484375
2026-02-12,261.7300109863281,6832.759765625
2026-02-13,255.77999877929688,6836.169921875
2026-02-17,263.8800048828125,6843.22021484375
2026-02-18,264.3500061035156,6881.31005859375
2026-02-19,260.5799865722656,6861.89013671875
2026-02-20,264.5799865722656,6909.509765625
2026-02-23,266.17999267578125,6837.75
2026-02-24,272.1400146484375,6890.06982421875
2026-02-25,274.2300109863281,6946.1298828125
2026-02-26,272.95001220703125,6908.85986328125
2026-02-27,264.17999267578125,6878.8798828125
2026-03-02,264.7200012207031,6881.6201171875
2026-03-03,263.75,6816.6298828125
2026-03-04,262.5199890136719,6869.5
2026-03-05,260.2900085449219,6830.7099609375
2026-03-06,257.4599914550781,6740.02001953125
2026-03-09,259.8800048828125,6795.990234375
2026-03-10,260.8299865722656,6781.47998046875
2026-03-11,260.80999755859375,6775.7998046875
2026-03-12,255.75999450683594,6672.6201171875
2026-03-13,250.1199951171875,6632.18994140625
